STATION,NAME,DATE,AWND,PRCP,SNOW,TAVG
USW00012924,"CORPUS CHRISTI INTERNATIONAL AIRPORT, TX US",1970-01,,1.8,0,51.2
USW00012924,"CORPUS CHRISTI INTERNATIONAL AIRPORT, TX US",1970-02,,1.02,0,59
USW00012924,"CORPUS CHRISTI INTERNATIONAL AIRPORT, TX US",1970-03,,1.56,0,60.9
USW00012924,"CORPUS CHRISTI INTERNATIONAL AIRPORT, TX US",1970-04,,0.15,0,73.3
USW00012924,"CORPUS CHRISTI INTERNATIONAL AIRPORT, TX US",1970-05,,3.93,0,75.3
USW00012924,"CORPUS CHRISTI INTERNATIONAL AIRPORT, TX US",1970-06,,9.17,0,80.4
USW00012924,"CORPUS CHRISTI INTERNATIONAL AIRPORT, TX US",1970-07,,1.72,0,82.5
USW00012924,"CORPUS CHRISTI INTERNATIONAL AIRPORT, TX US",1970-08,,7.33,0,84.2
USW00012924,"CORPUS CHRISTI INTERNATIONAL AIRPORT, TX US",1970-09,,8.51,0,80.9
USW00012924,"CORPUS CHRISTI INTERNATIONAL AIRPORT, TX US",1970-10,,3.13,0,72.5
USW00012924,"CORPUS CHRISTI INTERNATIONAL AIRPORT, TX US",1970-11,,0.81,0,63.5
USW00012924,"CORPUS CHRISTI INTERNATIONAL AIRPORT, TX US",1970-12,,0.41,0,66.9
USW00012924,"CORPUS CHRISTI INTERNATIONAL AIRPORT, TX US",1971-01,,0.03,0,62.3
USW00012924,"CORPUS CHRISTI INTERNATIONAL AIRPORT, TX US",1971-02,,0.22,0,62
USW00012924,"CORPUS CHRISTI INTERNATIONAL AIRPORT, TX US",1971-03,,0,0,68.7
USW00012924,"CORPUS CHRISTI INTERNATIONAL AIRPORT, TX US",1971-04,,2.29,0,70.8
USW00012924,"CORPUS CHRISTI INTERNATIONAL AIRPORT, TX US",1971-05,,4.55,0,78.3
USW00012924,"CORPUS CHRISTI INTERNATIONAL AIRPORT, TX US",1971-06,,1.24,0,82.8
USW00012924,"CORPUS CHRISTI INTERNATIONAL AIRPORT, TX US",1971-07,,0.31,0,84.9
USW00012924,"CORPUS CHRISTI INTERNATIONAL AIRPORT, TX US",1971-08,,8.32,0,82.7
USW00012924,"CORPUS CHRISTI INTERNATIONAL AIRPORT, TX US",1971-09,,12.17,0,81.1
USW00012924,"CORPUS CHRISTI INTERNATIONAL AIRPORT, TX US",1971-10,,3.96,0,76.6
USW00012924,"CORPUS CHRISTI INTERNATIONAL AIRPORT, TX US",1971-11,,0.44,0,67
USW00012924,"CORPUS CHRISTI INTERNATIONAL AIRPORT, TX US",1971-12,,3.43,0,64.9
USW00012924,"CORPUS CHRISTI INTERNATIONAL AIRPORT, TX US",1972-01,,1.24,0,61.6
USW00012924,"CORPUS CHRISTI INTERNATIONAL AIRPORT, TX US",1972-02,,3.41,0,61.1
USW00012924,"CORPUS CHRISTI INTERNATIONAL AIRPORT, TX US",1972-03,,1.44,0,70.1
USW00012924,"CORPUS CHRISTI INTERNATIONAL AIRPORT, TX US",1972-04,,1.53,0,76.6
USW00012924,"CORPUS CHRISTI INTERNATIONAL AIRPORT, TX US",1972-05,,5.99,0,76.9
USW00012924,"CORPUS CHRISTI INTERNATIONAL AIRPORT, TX US",1972-06,,3.65,0,82
USW00012924,"CORPUS CHRISTI INTERNATIONAL AIRPORT, TX US",1972-07,,2.82,0,83.9
USW00012924,"CORPUS CHRISTI INTERNATIONAL AIRPORT, TX US",1972-08,,3.74,0,83.7
USW00012924,"CORPUS CHRISTI INTERNATIONAL AIRPORT, TX US",1972-09,,9.48,0,83.5
USW00012924,"CORPUS CHRISTI INTERNATIONAL AIRPORT, TX US",1972-10,,0.46,0,76.4
USW00012924,"CORPUS CHRISTI INTERNATIONAL AIRPORT, TX US",1972-11,,2.49,0,60.7
USW00012924,"CORPUS CHRISTI INTERNATIONAL AIRPORT, TX US",1972-12,,0.18,0,56.1
USW00012924,"CORPUS CHRISTI INTERNATIONAL AIRPORT, TX US",1973-01,,2.18,0.2,51.7
USW00012924,"CORPUS CHRISTI INTERNATIONAL AIRPORT, TX US",1973-02,,1.42,1.1,55.9
USW00012924,"CORPUS CHRISTI INTERNATIONAL AIRPORT, TX US",1973-03,,0.17,0,68.8
USW00012924,"CORPUS CHRISTI INTERNATIONAL AIRPORT, TX US",1973-04,,1.74,0,69.3
USW00012924,"CORPUS CHRISTI INTERNATIONAL AIRPORT, TX US",1973-05,,0.58,0,77
USW00012924,"CORPUS CHRISTI INTERNATIONAL AIRPORT, TX US",1973-06,,13.35,0,81.1
USW00012924,"CORPUS CHRISTI INTERNATIONAL AIRPORT, TX US",1973-07,,0.52,0,84.9
USW00012924,"CORPUS CHRISTI INTERNATIONAL AIRPORT, TX US",1973-08,,5.63,0,82.8
USW00012924,"CORPUS CHRISTI INTERNATIONAL AIRPORT, TX US",1973-09,,7.58,0,81.8
USW00012924,"CORPUS CHRISTI INTERNATIONAL AIRPORT, TX US",1973-10,,9.96,0,76.2
USW00012924,"CORPUS CHRISTI INTERNATIONAL AIRPORT, TX US",1973-11,,0.31,0,72.9
USW00012924,"CORPUS CHRISTI INTERNATIONAL AIRPORT, TX US",1973-12,,0.12,0,59.7
USW00012924,"CORPUS CHRISTI INTERNATIONAL AIRPORT, TX US",1974-01,,1.99,0,57.9
USW00012924,"CORPUS CHRISTI INTERNATIONAL AIRPORT, TX US",1974-02,,0,0,61.5
USW00012924,"CORPUS CHRISTI INTERNATIONAL AIRPORT, TX US",1974-03,,4.8,0,70.7
USW00012924,"CORPUS CHRISTI INTERNATIONAL AIRPORT, TX US",1974-04,,0.08,0,73.5
USW00012924,"CORPUS CHRISTI INTERNATIONAL AIRPORT, TX US",1974-05,,4.24,0,80.8
USW00012924,"CORPUS CHRISTI INTERNATIONAL AIRPORT, TX US",1974-06,,2.43,0,80.9
USW00012924,"CORPUS CHRISTI INTERNATIONAL AIRPORT, TX US",1974-07,,0.19,0,83.7
USW00012924,"CORPUS CHRISTI INTERNATIONAL AIRPORT, TX US",1974-08,,1.05,0,85.3
USW00012924,"CORPUS CHRISTI INTERNATIONAL AIRPORT, TX US",1974-09,,3.88,0,78.5
USW00012924,"CORPUS CHRISTI INTERNATIONAL AIRPORT, TX US",1974-10,,3.57,0,74
USW00012924,"CORPUS CHRISTI INTERNATIONAL AIRPORT, TX US",1974-11,,1.76,0,64.1
USW00012924,"CORPUS CHRISTI INTERNATIONAL AIRPORT, TX US",1974-12,,0.83,0,57.5
USW00012924,"CORPUS CHRISTI INTERNATIONAL AIRPORT, TX US",1975-01,,1.94,0,59.7
USW00012924,"CORPUS CHRISTI INTERNATIONAL AIRPORT, TX US",1975-02,,0.42,0,60
USW00012924,"CORPUS CHRISTI INTERNATIONAL AIRPORT, TX US",1975-03,,0.05,0,67.2
USW00012924,"CORPUS CHRISTI INTERNATIONAL AIRPORT, TX US",1975-04,,0.08,0,75
USW00012924,"CORPUS CHRISTI INTERNATIONAL AIRPORT, TX US",1975-05,,1.67,0,80.5
USW00012924,"CORPUS CHRISTI INTERNATIONAL AIRPORT, TX US",1975-06,,1.31,0,83.4
USW00012924,"CORPUS CHRISTI INTERNATIONAL AIRPORT, TX US",1975-07,,4.06,0,84.4
USW00012924,"CORPUS CHRISTI INTERNATIONAL AIRPORT, TX US",1975-08,,4.84,0,83.2
USW00012924,"CORPUS CHRISTI INTERNATIONAL AIRPORT, TX US",1975-09,,6.7,0,78.9
USW00012924,"CORPUS CHRISTI INTERNATIONAL AIRPORT, TX US",1975-10,,2.02,0,74.4
USW00012924,"CORPUS CHRISTI INTERNATIONAL AIRPORT, TX US",1975-11,,0.9,0,66.5
USW00012924,"CORPUS CHRISTI INTERNATIONAL AIRPORT, TX US",1975-12,,1.21,0,58.5
USW00012924,"CORPUS CHRISTI INTERNATIONAL AIRPORT, TX US",1976-01,,0.15,0,56.7
USW00012924,"CORPUS CHRISTI INTERNATIONAL AIRPORT, TX US",1976-02,,0,0,64.3
USW00012924,"CORPUS CHRISTI INTERNATIONAL AIRPORT, TX US",1976-03,,0.15,0,68.8
USW00012924,"CORPUS CHRISTI INTERNATIONAL AIRPORT, TX US",1976-04,,3.68,0,73.5
USW00012924,"CORPUS CHRISTI INTERNATIONAL AIRPORT, TX US",1976-05,,5.94,0,74.4
USW00012924,"CORPUS CHRISTI INTERNATIONAL AIRPORT, TX US",1976-06,,0.76,0,81.6
USW00012924,"CORPUS CHRISTI INTERNATIONAL AIRPORT, TX US",1976-07,,11.92,0,81.2
USW00012924,"CORPUS CHRISTI INTERNATIONAL AIRPORT, TX US",1976-08,,0.86,0,83
USW00012924,"CORPUS CHRISTI INTERNATIONAL AIRPORT, TX US",1976-09,,2.54,0,81.3
USW00012924,"CORPUS CHRISTI INTERNATIONAL AIRPORT, TX US",1976-10,,6.81,0,67.2
USW00012924,"CORPUS CHRISTI INTERNATIONAL AIRPORT, TX US",1976-11,,4.28,0,57.3
USW00012924,"CORPUS CHRISTI INTERNATIONAL AIRPORT, TX US",1976-12,,2.3,0,54.8
USW00012924,"CORPUS CHRISTI INTERNATIONAL AIRPORT, TX US",1977-01,,3.12,0,50.3
USW00012924,"CORPUS CHRISTI INTERNATIONAL AIRPORT, TX US",1977-02,,1.72,0,58.6
USW00012924,"CORPUS CHRISTI INTERNATIONAL AIRPORT, TX US",1977-03,,0.97,0,66
USW00012924,"CORPUS CHRISTI INTERNATIONAL AIRPORT, TX US",1977-04,,6,0,71.5
USW00012924,"CORPUS CHRISTI INTERNATIONAL AIRPORT, TX US",1977-05,,1.96,0,78.8
USW00012924,"CORPUS CHRISTI INTERNATIONAL AIRPORT, TX US",1977-06,,3.56,0,82.9
USW00012924,"CORPUS CHRISTI INTERNATIONAL AIRPORT, TX US",1977-07,,1.15,0,84.6
USW00012924,"CORPUS CHRISTI INTERNATIONAL AIRPORT, TX US",1977-08,,0.39,0,86.6
USW00012924,"CORPUS CHRISTI INTERNATIONAL AIRPORT, TX US",1977-09,,0.87,0,85.5
USW00012924,"CORPUS CHRISTI INTERNATIONAL AIRPORT, TX US",1977-10,,4.74,0,75.7
USW00012924,"CORPUS CHRISTI INTERNATIONAL AIRPORT, TX US",1977-11,,1.74,0,67.5
USW00012924,"CORPUS CHRISTI INTERNATIONAL AIRPORT, TX US",1977-12,,0.06,0,61.9
USW00012924,"CORPUS CHRISTI INTERNATIONAL AIRPORT, TX US",1978-01,,2.02,0,49.2
USW00012924,"CORPUS CHRISTI INTERNATIONAL AIRPORT, TX US",1978-02,,0.84,0,51.7
USW00012924,"CORPUS CHRISTI INTERNATIONAL AIRPORT, TX US",1978-03,,0.03,0,63.8
USW00012924,"CORPUS CHRISTI INTERNATIONAL AIRPORT, TX US",1978-04,,2.2,0,72.3
USW00012924,"CORPUS CHRISTI INTERNATIONAL AIRPORT, TX US",1978-05,,1.68,0,81
USW00012924,"CORPUS CHRISTI INTERNATIONAL AIRPORT, TX US",1978-06,,12.04,0,83.5
USW00012924,"CORPUS CHRISTI INTERNATIONAL AIRPORT, TX US",1978-07,,3.92,0,85.6
USW00012924,"CORPUS CHRISTI INTERNATIONAL AIRPORT, TX US",1978-08,,0.81,0,84.9
USW00012924,"CORPUS CHRISTI INTERNATIONAL AIRPORT, TX US",1978-09,,10.83,0,81.8
USW00012924,"CORPUS CHRISTI INTERNATIONAL AIRPORT, TX US",1978-10,,2.46,0,73.2
USW00012924,"CORPUS CHRISTI INTERNATIONAL AIRPORT, TX US",1978-11,,0.5,0,68.8
USW00012924,"CORPUS CHRISTI INTERNATIONAL AIRPORT, TX US",1978-12,,1.82,0,59.1
USW00012924,"CORPUS CHRISTI INTERNATIONAL AIRPORT, TX US",1979-01,,3.93,0,51.3
USW00012924,"CORPUS CHRISTI INTERNATIONAL AIRPORT, TX US",1979-02,,0.83,0,57
USW00012924,"CORPUS CHRISTI INTERNATIONAL AIRPORT, TX US",1979-03,,1.55,0,67.9
USW00012924,"CORPUS CHRISTI INTERNATIONAL AIRPORT, TX US",1979-04,,3.69,0,74.3
USW00012924,"CORPUS CHRISTI INTERNATIONAL AIRPORT, TX US",1979-05,,4.28,0,76.6
USW00012924,"CORPUS CHRISTI INTERNATIONAL AIRPORT, TX US",1979-06,,3.23,0,81.7
USW00012924,"CORPUS CHRISTI INTERNATIONAL AIRPORT, TX US",1979-07,,3.52,0,85.4
USW00012924,"CORPUS CHRISTI INTERNATIONAL AIRPORT, TX US",1979-08,,2.54,0,84.9
USW00012924,"CORPUS CHRISTI INTERNATIONAL AIRPORT, TX US",1979-09,,13.77,0,78.8
USW00012924,"CORPUS CHRISTI INTERNATIONAL AIRPORT, TX US",1979-10,,0.41,0,75.4
USW00012924,"CORPUS CHRISTI INTERNATIONAL AIRPORT, TX US",1979-11,,0.28,0,63.3
USW00012924,"CORPUS CHRISTI INTERNATIONAL AIRPORT, TX US",1979-12,,1.02,0,58.7
USW00012924,"CORPUS CHRISTI INTERNATIONAL AIRPORT, TX US",1980-01,,1.24,0,59.9
USW00012924,"CORPUS CHRISTI INTERNATIONAL AIRPORT, TX US",1980-02,,1.02,0,58
USW00012924,"CORPUS CHRISTI INTERNATIONAL AIRPORT, TX US",1980-03,,0.31,0,67.5
USW00012924,"CORPUS CHRISTI INTERNATIONAL AIRPORT, TX US",1980-04,,0.34,0,69.3
USW00012924,"CORPUS CHRISTI INTERNATIONAL AIRPORT, TX US",1980-05,,2.82,0,77.8
USW00012924,"CORPUS CHRISTI INTERNATIONAL AIRPORT, TX US",1980-06,,0.03,0,83.8
USW00012924,"CORPUS CHRISTI INTERNATIONAL AIRPORT, TX US",1980-07,,1.47,0,85.7
USW00012924,"CORPUS CHRISTI INTERNATIONAL AIRPORT, TX US",1980-08,,14.79,0,83.2
USW00012924,"CORPUS CHRISTI INTERNATIONAL AIRPORT, TX US",1980-09,,6.01,0,82.4
USW00012924,"CORPUS CHRISTI INTERNATIONAL AIRPORT, TX US",1980-10,,1.18,0,71.3
USW00012924,"CORPUS CHRISTI INTERNATIONAL AIRPORT, TX US",1980-11,,3.16,0,59.9
USW00012924,"CORPUS CHRISTI INTERNATIONAL AIRPORT, TX US",1980-12,,0.33,0,57.6
USW00012924,"CORPUS CHRISTI INTERNATIONAL AIRPORT, TX US",1981-01,,2.56,0,55.3
USW00012924,"CORPUS CHRISTI INTERNATIONAL AIRPORT, TX US",1981-02,,1.92,0,58.4
USW00012924,"CORPUS CHRISTI INTERNATIONAL AIRPORT, TX US",1981-03,,2.37,0,63.7
USW00012924,"CORPUS CHRISTI INTERNATIONAL AIRPORT, TX US",1981-04,,0.98,0,74.4
USW00012924,"CORPUS CHRISTI INTERNATIONAL AIRPORT, TX US",1981-05,,8.64,0,76.9
USW00012924,"CORPUS CHRISTI INTERNATIONAL AIRPORT, TX US",1981-06,,3.02,0,82.5
USW00012924,"CORPUS CHRISTI INTERNATIONAL AIRPORT, TX US",1981-07,,5.98,0,83.4
USW00012924,"CORPUS CHRISTI INTERNATIONAL AIRPORT, TX US",1981-08,,5.79,0,83.7
USW00012924,"CORPUS CHRISTI INTERNATIONAL AIRPORT, TX US",1981-09,,0.5,0,80.7
USW00012924,"CORPUS CHRISTI INTERNATIONAL AIRPORT, TX US",1981-10,,11.02,0,75.2
USW00012924,"CORPUS CHRISTI INTERNATIONAL AIRPORT, TX US",1981-11,,0.12,0,68.3
USW00012924,"CORPUS CHRISTI INTERNATIONAL AIRPORT, TX US",1981-12,,1.15,0,59.4
USW00012924,"CORPUS CHRISTI INTERNATIONAL AIRPORT, TX US",1982-01,,0.07,0,57.3
USW00012924,"CORPUS CHRISTI INTERNATIONAL AIRPORT, TX US",1982-02,,8.11,0,55.9
USW00012924,"CORPUS CHRISTI INTERNATIONAL AIRPORT, TX US",1982-03,,0.46,0,66.8
USW00012924,"CORPUS CHRISTI INTERNATIONAL AIRPORT, TX US",1982-04,,1.01,0,71.1
USW00012924,"CORPUS CHRISTI INTERNATIONAL AIRPORT, TX US",1982-05,,4.17,0,76.7
USW00012924,"CORPUS CHRISTI INTERNATIONAL AIRPORT, TX US",1982-06,,0.72,0,82.7
USW00012924,"CORPUS CHRISTI INTERNATIONAL AIRPORT, TX US",1982-07,,0.01,0,84.5
USW00012924,"CORPUS CHRISTI INTERNATIONAL AIRPORT, TX US",1982-08,,0.64,0,84.9
USW00012924,"CORPUS CHRISTI INTERNATIONAL AIRPORT, TX US",1982-09,,0.56,0,82.3
USW00012924,"CORPUS CHRISTI INTERNATIONAL AIRPORT, TX US",1982-10,,1.7,0,73.8
USW00012924,"CORPUS CHRISTI INTERNATIONAL AIRPORT, TX US",1982-11,,4.33,0,64.5
USW00012924,"CORPUS CHRISTI INTERNATIONAL AIRPORT, TX US",1982-12,,0.7,0,58.4
USW00012924,"CORPUS CHRISTI INTERNATIONAL AIRPORT, TX US",1983-01,,0.76,0,55.1
USW00012924,"CORPUS CHRISTI INTERNATIONAL AIRPORT, TX US",1983-02,,3.28,0,57.9
USW00012924,"CORPUS CHRISTI INTERNATIONAL AIRPORT, TX US",1983-03,,3.03,0,63.7
USW00012924,"CORPUS CHRISTI INTERNATIONAL AIRPORT, TX US",1983-04,,0,0,69
USW00012924,"CORPUS CHRISTI INTERNATIONAL AIRPORT, TX US",1983-05,,2.77,0,76
USW00012924,"CORPUS CHRISTI INTERNATIONAL AIRPORT, TX US",1983-06,,2.5,0,81.1
USW00012924,"CORPUS CHRISTI INTERNATIONAL AIRPORT, TX US",1983-07,,8.78,0,83
USW00012924,"CORPUS CHRISTI INTERNATIONAL AIRPORT, TX US",1983-08,,2.68,0,84.2
USW00012924,"CORPUS CHRISTI INTERNATIONAL AIRPORT, TX US",1983-09,,7.04,0,79.4
USW00012924,"CORPUS CHRISTI INTERNATIONAL AIRPORT, TX US",1983-10,,3.99,0,74.1
USW00012924,"CORPUS CHRISTI INTERNATIONAL AIRPORT, TX US",1983-11,,1.54,0,67.7
USW00012924,"CORPUS CHRISTI INTERNATIONAL AIRPORT, TX US",1983-12,,0.58,0,49.3
USW00012924,"CORPUS CHRISTI INTERNATIONAL AIRPORT, TX US",1984-01,10.7,5.91,0,51.3
USW00012924,"CORPUS CHRISTI INTERNATIONAL AIRPORT, TX US",1984-02,13.9,0.39,0,59.2
USW00012924,"CORPUS CHRISTI INTERNATIONAL AIRPORT, TX US",1984-03,15,0.19,0,66.4
USW00012924,"CORPUS CHRISTI INTERNATIONAL AIRPORT, TX US",1984-04,13.6,0,0,73.1
USW00012924,"CORPUS CHRISTI INTERNATIONAL AIRPORT, TX US",1984-05,12.5,2.22,0,77.1
USW00012924,"CORPUS CHRISTI INTERNATIONAL AIRPORT, TX US",1984-06,12.8,0.23,0,81.6
USW00012924,"CORPUS CHRISTI INTERNATIONAL AIRPORT, TX US",1984-07,11.4,0.25,0,83.2
USW00012924,"CORPUS CHRISTI INTERNATIONAL AIRPORT, TX US",1984-08,11.4,0.9,0,83.7
USW00012924,"CORPUS CHRISTI INTERNATIONAL AIRPORT, TX US",1984-09,12.5,3.04,0,78.3
USW00012924,"CORPUS CHRISTI INTERNATIONAL AIRPORT, TX US",1984-10,11.9,6.49,0,76.5
USW00012924,"CORPUS CHRISTI INTERNATIONAL AIRPORT, TX US",1984-11,12.1,1.71,0,64.8
USW00012924,"CORPUS CHRISTI INTERNATIONAL AIRPORT, TX US",1984-12,14.3,0.93,0,66.3
USW00012924,"CORPUS CHRISTI INTERNATIONAL AIRPORT, TX US",1985-01,13.2,2.68,0,49.2
USW00012924,"CORPUS CHRISTI INTERNATIONAL AIRPORT, TX US",1985-02,13.9,2.86,0,54
USW00012924,"CORPUS CHRISTI INTERNATIONAL AIRPORT, TX US",1985-03,14.8,1.82,0,67.6
USW00012924,"CORPUS CHRISTI INTERNATIONAL AIRPORT, TX US",1985-04,13.4,3.54,0,72.3
USW00012924,"CORPUS CHRISTI INTERNATIONAL AIRPORT, TX US",1985-05,11.6,2.87,0,77.6
USW00012924,"CORPUS CHRISTI INTERNATIONAL AIRPORT, TX US",1985-06,11.2,3.99,0,80.2
USW00012924,"CORPUS CHRISTI INTERNATIONAL AIRPORT, TX US",1985-07,10.3,1.04,0,81.9
USW00012924,"CORPUS CHRISTI INTERNATIONAL AIRPORT, TX US",1985-08,11.2,2.88,0,84.1
USW00012924,"CORPUS CHRISTI INTERNATIONAL AIRPORT, TX US",1985-09,11.6,8.39,0,80.6
USW00012924,"CORPUS CHRISTI INTERNATIONAL AIRPORT, TX US",1985-10,11.9,3.4,0,75.2
USW00012924,"CORPUS CHRISTI INTERNATIONAL AIRPORT, TX US",1985-11,13.4,1.63,0,69
USW00012924,"CORPUS CHRISTI INTERNATIONAL AIRPORT, TX US",1985-12,12.1,1.61,0,55.5
USW00012924,"CORPUS CHRISTI INTERNATIONAL AIRPORT, TX US",1986-01,11.9,1.7,0,57.4
USW00012924,"CORPUS CHRISTI INTERNATIONAL AIRPORT, TX US",1986-02,13.4,1.07,0,62.2
USW00012924,"CORPUS CHRISTI INTERNATIONAL AIRPORT, TX US",1986-03,13,0.14,0,66.2
USW00012924,"CORPUS CHRISTI INTERNATIONAL AIRPORT, TX US",1986-04,14.8,0.66,0,74.6
USW00012924,"CORPUS CHRISTI INTERNATIONAL AIRPORT, TX US",1986-05,12.8,5.13,0,77.1
USW00012924,"CORPUS CHRISTI INTERNATIONAL AIRPORT, TX US",1986-06,9.8,3.11,0,81.8
USW00012924,"CORPUS CHRISTI INTERNATIONAL AIRPORT, TX US",1986-07,13.4,0.25,0,84
USW00012924,"CORPUS CHRISTI INTERNATIONAL AIRPORT, TX US",1986-08,11.6,4.94,0,83.3
USW00012924,"CORPUS CHRISTI INTERNATIONAL AIRPORT, TX US",1986-09,11.4,1.86,0,83.2
USW00012924,"CORPUS CHRISTI INTERNATIONAL AIRPORT, TX US",1986-10,11.2,5.03,0,73.8
USW00012924,"CORPUS CHRISTI INTERNATIONAL AIRPORT, TX US",1986-11,12.1,3.75,0,64.8
USW00012924,"CORPUS CHRISTI INTERNATIONAL AIRPORT, TX US",1986-12,12.3,4.55,0,55.8
USW00012924,"CORPUS CHRISTI INTERNATIONAL AIRPORT, TX US",1987-01,11.2,2.22,0,55.2
USW00012924,"CORPUS CHRISTI INTERNATIONAL AIRPORT, TX US",1987-02,13.4,6.01,0,59.9
USW00012924,"CORPUS CHRISTI INTERNATIONAL AIRPORT, TX US",1987-03,12.5,0.42,0,62.3
USW00012924,"CORPUS CHRISTI INTERNATIONAL AIRPORT, TX US",1987-04,12.5,1.13,0,68.2
USW00012924,"CORPUS CHRISTI INTERNATIONAL AIRPORT, TX US",1987-05,12.1,4.15,0,78.2
USW00012924,"CORPUS CHRISTI INTERNATIONAL AIRPORT, TX US",1987-06,9.6,4.92,0,81
USW00012924,"CORPUS CHRISTI INTERNATIONAL AIRPORT, TX US",1987-07,11,3.17,0,83.2
USW00012924,"CORPUS CHRISTI INTERNATIONAL AIRPORT, TX US",1987-08,11.9,3.49,0,84.1
USW00012924,"CORPUS CHRISTI INTERNATIONAL AIRPORT, TX US",1987-09,11,0.98,0,81.4
USW00012924,"CORPUS CHRISTI INTERNATIONAL AIRPORT, TX US",1987-10,10.5,1.44,0,73.1
USW00012924,"CORPUS CHRISTI INTERNATIONAL AIRPORT, TX US",1987-11,12.8,1.8,0,63.9
USW00012924,"CORPUS CHRISTI INTERNATIONAL AIRPORT, TX US",1987-12,12.8,0.94,0,60.3
USW00012924,"CORPUS CHRISTI INTERNATIONAL AIRPORT, TX US",1988-01,12.8,0.85,0,53.1
USW00012924,"CORPUS CHRISTI INTERNATIONAL AIRPORT, TX US",1988-02,14.1,1.13,0,58.3
USW00012924,"CORPUS CHRISTI INTERNATIONAL AIRPORT, TX US",1988-03,16.1,0.91,0,63.5
USW00012924,"CORPUS CHRISTI INTERNATIONAL AIRPORT, TX US",1988-04,12.3,0.52,0,71.3
USW00012924,"CORPUS CHRISTI INTERNATIONAL AIRPORT, TX US",1988-05,9.4,0.94,0,76.5
USW00012924,"CORPUS CHRISTI INTERNATIONAL AIRPORT, TX US",1988-06,8.3,1.64,0,81.2
USW00012924,"CORPUS CHRISTI INTERNATIONAL AIRPORT, TX US",1988-07,10.3,1.8,0,85.2
USW00012924,"CORPUS CHRISTI INTERNATIONAL AIRPORT, TX US",1988-08,12.3,1.52,0,85.5
USW00012924,"CORPUS CHRISTI INTERNATIONAL AIRPORT, TX US",1988-09,13.9,6.27,0,80.9
USW00012924,"CORPUS CHRISTI INTERNATIONAL AIRPORT, TX US",1988-10,9.6,2.6,0,74.7
USW00012924,"CORPUS CHRISTI INTERNATIONAL AIRPORT, TX US",1988-11,13.4,0.13,0,69.5
USW00012924,"CORPUS CHRISTI INTERNATIONAL AIRPORT, TX US",1988-12,12.3,0.98,0,61
USW00012924,"CORPUS CHRISTI INTERNATIONAL AIRPORT, TX US",1989-01,11.6,1.96,0,61.8
USW00012924,"CORPUS CHRISTI INTERNATIONAL AIRPORT, TX US",1989-02,14.1,0.96,0,57.3
USW00012924,"CORPUS CHRISTI INTERNATIONAL AIRPORT, TX US",1989-03,14.1,0.21,0,64.8
USW00012924,"CORPUS CHRISTI INTERNATIONAL AIRPORT, TX US",1989-04,12.8,3.59,0,71.7
USW00012924,"CORPUS CHRISTI INTERNATIONAL AIRPORT, TX US",1989-05,13.6,0.1,0,81.9
USW00012924,"CORPUS CHRISTI INTERNATIONAL AIRPORT, TX US",1989-06,11.9,3.17,0,83.4
USW00012924,"CORPUS CHRISTI INTERNATIONAL AIRPORT, TX US",1989-07,10.1,1.02,0,84
USW00012924,"CORPUS CHRISTI INTERNATIONAL AIRPORT, TX US",1989-08,11,2.36,0,84.5
USW00012924,"CORPUS CHRISTI INTERNATIONAL AIRPORT, TX US",1989-09,11.2,2.05,0,80.2
USW00012924,"CORPUS CHRISTI INTERNATIONAL AIRPORT, TX US",1989-10,12.1,0.11,0,74.3
USW00012924,"CORPUS CHRISTI INTERNATIONAL AIRPORT, TX US",1989-11,12.8,1.83,0,68
USW00012924,"CORPUS CHRISTI INTERNATIONAL AIRPORT, TX US",1989-12,11.9,1.51,0,48
USW00012924,"CORPUS CHRISTI INTERNATIONAL AIRPORT, TX US",1990-01,12.8,0.42,0,61.8
USW00012924,"CORPUS CHRISTI INTERNATIONAL AIRPORT, TX US",1990-02,13.4,3.96,0,64.1
USW00012924,"CORPUS CHRISTI INTERNATIONAL AIRPORT, TX US",1990-03,14.8,2.98,0,66.8
USW00012924,"CORPUS CHRISTI INTERNATIONAL AIRPORT, TX US",1990-04,15.7,3.4,0,72.8
USW00012924,"CORPUS CHRISTI INTERNATIONAL AIRPORT, TX US",1990-05,13.6,1.26,0,79.2
USW00012924,"CORPUS CHRISTI INTERNATIONAL AIRPORT, TX US",1990-06,14.1,0.89,0,84.4
USW00012924,"CORPUS CHRISTI INTERNATIONAL AIRPORT, TX US",1990-07,11.4,1.74,0,83.4
USW00012924,"CORPUS CHRISTI INTERNATIONAL AIRPORT, TX US",1990-08,11.6,0.69,0,85.6
USW00012924,"CORPUS CHRISTI INTERNATIONAL AIRPORT, TX US",1990-09,9.4,2.67,0,81.8
USW00012924,"CORPUS CHRISTI INTERNATIONAL AIRPORT, TX US",1990-10,11,1.35,0,73.1
USW00012924,"CORPUS CHRISTI INTERNATIONAL AIRPORT, TX US",1990-11,12.5,1.34,0,68.5
USW00012924,"CORPUS CHRISTI INTERNATIONAL AIRPORT, TX US",1990-12,12.3,0.43,0,58.1
USW00012924,"CORPUS CHRISTI INTERNATIONAL AIRPORT, TX US",1991-01,10.1,1.69,0,54.6
USW00012924,"CORPUS CHRISTI INTERNATIONAL AIRPORT, TX US",1991-02,10.1,2.06,0,61.3
USW00012924,"CORPUS CHRISTI INTERNATIONAL AIRPORT, TX US",1991-03,12.5,1.59,0,69.6
USW00012924,"CORPUS CHRISTI INTERNATIONAL AIRPORT, TX US",1991-04,12.3,4,0,75.8
USW00012924,"CORPUS CHRISTI INTERNATIONAL AIRPORT, TX US",1991-05,13,6.25,0,79.1
USW00012924,"CORPUS CHRISTI INTERNATIONAL AIRPORT, TX US",1991-06,10.1,6.96,0,83.1
USW00012924,"CORPUS CHRISTI INTERNATIONAL AIRPORT, TX US",1991-07,11,0.56,0,84
USW00012924,"CORPUS CHRISTI INTERNATIONAL AIRPORT, TX US",1991-08,11.6,4.63,0,85
USW00012924,"CORPUS CHRISTI INTERNATIONAL AIRPORT, TX US",1991-09,10.5,8.6,0,79.4
USW00012924,"CORPUS CHRISTI INTERNATIONAL AIRPORT, TX US",1991-10,12.1,1.57,0,75.5
USW00012924,"CORPUS CHRISTI INTERNATIONAL AIRPORT, TX US",1991-11,13.9,0.36,0,61.6
USW00012924,"CORPUS CHRISTI INTERNATIONAL AIRPORT, TX US",1991-12,13.9,9.8,0,61.9
USW00012924,"CORPUS CHRISTI INTERNATIONAL AIRPORT, TX US",1992-01,10.5,5.11,0,55.4
USW00012924,"CORPUS CHRISTI INTERNATIONAL AIRPORT, TX US",1992-02,11.2,4.49,0,62.6
USW00012924,"CORPUS CHRISTI INTERNATIONAL AIRPORT, TX US",1992-03,14.1,4.09,0,67.5
USW00012924,"CORPUS CHRISTI INTERNATIONAL AIRPORT, TX US",1992-04,12.3,3.73,0,71.1
USW00012924,"CORPUS CHRISTI INTERNATIONAL AIRPORT, TX US",1992-05,11.6,7.42,0,75
USW00012924,"CORPUS CHRISTI INTERNATIONAL AIRPORT, TX US",1992-06,10.7,1.53,0,82
USW00012924,"CORPUS CHRISTI INTERNATIONAL AIRPORT, TX US",1992-07,14.1,0.92,0,83.8
USW00012924,"CORPUS CHRISTI INTERNATIONAL AIRPORT, TX US",1992-08,10.1,3.44,0,82.9
USW00012924,"CORPUS CHRISTI INTERNATIONAL AIRPORT, TX US",1992-09,11.9,4.26,0,81.6
USW00012924,"CORPUS CHRISTI INTERNATIONAL AIRPORT, TX US",1992-10,11,0.7,0,75.1
USW00012924,"CORPUS CHRISTI INTERNATIONAL AIRPORT, TX US",1992-11,12.5,4.77,0,63.3
USW00012924,"CORPUS CHRISTI INTERNATIONAL AIRPORT, TX US",1992-12,12.5,0.99,1.5,61.9
USW00012924,"CORPUS CHRISTI INTERNATIONAL AIRPORT, TX US",1993-01,11.4,0.44,0,56.8
USW00012924,"CORPUS CHRISTI INTERNATIONAL AIRPORT, TX US",1993-02,13.2,1.69,0,61.6
USW00012924,"CORPUS CHRISTI INTERNATIONAL AIRPORT, TX US",1993-03,12.1,2.83,0,65.3
USW00012924,"CORPUS CHRISTI INTERNATIONAL AIRPORT, TX US",1993-04,15.2,3.3,0,69.8
USW00012924,"CORPUS CHRISTI INTERNATIONAL AIRPORT, TX US",1993-05,12.1,8.07,0,75
USW00012924,"CORPUS CHRISTI INTERNATIONAL AIRPORT, TX US",1993-06,13.2,12.02,0,81.5
USW00012924,"CORPUS CHRISTI INTERNATIONAL AIRPORT, TX US",1993-07,14.3,0,0,83.4
USW00012924,"CORPUS CHRISTI INTERNATIONAL AIRPORT, TX US",1993-08,11.9,0.68,0,84.5
USW00012924,"CORPUS CHRISTI INTERNATIONAL AIRPORT, TX US",1993-09,11.2,1.12,0,82.5
USW00012924,"CORPUS CHRISTI INTERNATIONAL AIRPORT, TX US",1993-10,12.3,1.9,0,73.3
USW00012924,"CORPUS CHRISTI INTERNATIONAL AIRPORT, TX US",1993-11,13,0.81,0,62
USW00012924,"CORPUS CHRISTI INTERNATIONAL AIRPORT, TX US",1993-12,13.4,4.82,0,60.5
USW00012924,"CORPUS CHRISTI INTERNATIONAL AIRPORT, TX US",1994-01,13.9,0.99,0,59
USW00012924,"CORPUS CHRISTI INTERNATIONAL AIRPORT, TX US",1994-02,13.6,1.04,0,59.9
USW00012924,"CORPUS CHRISTI INTERNATIONAL AIRPORT, TX US",1994-03,13.2,3.5,0,65.9
USW00012924,"CORPUS CHRISTI INTERNATIONAL AIRPORT, TX US",1994-04,14.1,4.15,0,71.7
USW00012924,"CORPUS CHRISTI INTERNATIONAL AIRPORT, TX US",1994-05,11.4,2.01,0,77.6
USW00012924,"CORPUS CHRISTI INTERNATIONAL AIRPORT, TX US",1994-06,10.5,3.42,0,82.8
USW00012924,"CORPUS CHRISTI INTERNATIONAL AIRPORT, TX US",1994-07,13.6,0.48,0,84.3
USW00012924,"CORPUS CHRISTI INTERNATIONAL AIRPORT, TX US",1994-08,11,1.09,0,84
USW00012924,"CORPUS CHRISTI INTERNATIONAL AIRPORT, TX US",1994-09,9.2,6.73,0,79.3
USW00012924,"CORPUS CHRISTI INTERNATIONAL AIRPORT, TX US",1994-10,11.9,7.31,0,75.2
USW00012924,"CORPUS CHRISTI INTERNATIONAL AIRPORT, TX US",1994-11,14.3,0.24,0,71
USW00012924,"CORPUS CHRISTI INTERNATIONAL AIRPORT, TX US",1994-12,11,8.02,0,62.9
USW00012924,"CORPUS CHRISTI INTERNATIONAL AIRPORT, TX US",1995-01,12.1,0.81,0,58.5
USW00012924,"CORPUS CHRISTI INTERNATIONAL AIRPORT, TX US",1995-02,11.9,2.13,0,62.6
USW00012924,"CORPUS CHRISTI INTERNATIONAL AIRPORT, TX US",1995-03,12.8,4.89,0.5,64.4
USW00012924,"CORPUS CHRISTI INTERNATIONAL AIRPORT, TX US",1995-04,14.5,0.35,0,71.6
USW00012924,"CORPUS CHRISTI INTERNATIONAL AIRPORT, TX US",1995-05,14.5,2.7,0,79.8
USW00012924,"CORPUS CHRISTI INTERNATIONAL AIRPORT, TX US",1995-06,11.6,2.99,0,80.9
USW00012924,"CORPUS CHRISTI INTERNATIONAL AIRPORT, TX US",1995-07,12.5,0.21,0,85
USW00012924,"CORPUS CHRISTI INTERNATIONAL AIRPORT, TX US",1995-08,9.2,5.11,0,84.5
USW00012924,"CORPUS CHRISTI INTERNATIONAL AIRPORT, TX US",1995-09,8.9,4,0,82.4
USW00012924,"CORPUS CHRISTI INTERNATIONAL AIRPORT, TX US",1995-10,11.2,9.61,0,74.1
USW00012924,"CORPUS CHRISTI INTERNATIONAL AIRPORT, TX US",1995-11,10.7,3.53,0,65.5
USW00012924,"CORPUS CHRISTI INTERNATIONAL AIRPORT, TX US",1995-12,10.5,0.62,0,60.6
USW00012924,"CORPUS CHRISTI INTERNATIONAL AIRPORT, TX US",1996-01,13,0.01,0,56.8
USW00012924,"CORPUS CHRISTI INTERNATIONAL AIRPORT, TX US",1996-02,13.9,0.02,0,60.9
USW00012924,"CORPUS CHRISTI INTERNATIONAL AIRPORT, TX US",1996-03,14.1,0.05,0,61.4
USW00012924,"CORPUS CHRISTI INTERNATIONAL AIRPORT, TX US",1996-04,14.5,1.56,0,69.9
USW00012924,"CORPUS CHRISTI INTERNATIONAL AIRPORT, TX US",1996-05,15.4,1.14,0,80.8
USW00012924,"CORPUS CHRISTI INTERNATIONAL AIRPORT, TX US",1996-06,9.8,2.14,0,83.3
USW00012924,"CORPUS CHRISTI INTERNATIONAL AIRPORT, TX US",1996-07,10.7,0.35,0,85.4
USW00012924,"CORPUS CHRISTI INTERNATIONAL AIRPORT, TX US",1996-08,11,8.57,0,84.3
USW00012924,"CORPUS CHRISTI INTERNATIONAL AIRPORT, TX US",1996-09,8.9,2.21,0,81.2
USW00012924,"CORPUS CHRISTI INTERNATIONAL AIRPORT, TX US",1996-10,12.1,0.86,0,76.2
USW00012924,"CORPUS CHRISTI INTERNATIONAL AIRPORT, TX US",1996-11,13.2,1,0,67.4
USW00012924,"CORPUS CHRISTI INTERNATIONAL AIRPORT, TX US",1996-12,10.7,0.73,0,60.6
USW00012924,"CORPUS CHRISTI INTERNATIONAL AIRPORT, TX US",1997-01,11.9,0.66,0,53.6
USW00012924,"CORPUS CHRISTI INTERNATIONAL AIRPORT, TX US",1997-02,13,0.7,0,59.3
USW00012924,"CORPUS CHRISTI INTERNATIONAL AIRPORT, TX US",1997-03,12.5,4.79,0,67.6
USW00012924,"CORPUS CHRISTI INTERNATIONAL AIRPORT, TX US",1997-04,13.4,5.94,0,68.7
USW00012924,"CORPUS CHRISTI INTERNATIONAL AIRPORT, TX US",1997-05,11,3.78,0,76.4
USW00012924,"CORPUS CHRISTI INTERNATIONAL AIRPORT, TX US",1997-06,9.8,2.26,0,81.5
USW00012924,"CORPUS CHRISTI INTERNATIONAL AIRPORT, TX US",1997-07,9.4,0.16,0,84.6
USW00012924,"CORPUS CHRISTI INTERNATIONAL AIRPORT, TX US",1997-08,11.4,1.23,0,85.6
USW00012924,"CORPUS CHRISTI INTERNATIONAL AIRPORT, TX US",1997-09,8.7,2.56,0,82.4
USW00012924,"CORPUS CHRISTI INTERNATIONAL AIRPORT, TX US",1997-10,10.5,12.03,0,73.1
USW00012924,"CORPUS CHRISTI INTERNATIONAL AIRPORT, TX US",1997-11,11.2,1.89,0,61.7
USW00012924,"CORPUS CHRISTI INTERNATIONAL AIRPORT, TX US",1997-12,11.4,0.2,0,56.2
USW00012924,"CORPUS CHRISTI INTERNATIONAL AIRPORT, TX US",1998-01,12.1,1,0,61.9
USW00012924,"CORPUS CHRISTI INTERNATIONAL AIRPORT, TX US",1998-02,12.3,2.72,0,61
USW00012924,"CORPUS CHRISTI INTERNATIONAL AIRPORT, TX US",1998-03,15,2.47,0,64.7
USW00012924,"CORPUS CHRISTI INTERNATIONAL AIRPORT, TX US",1998-04,12.5,0.05,0,70.4
USW00012924,"CORPUS CHRISTI INTERNATIONAL AIRPORT, TX US",1998-05,11.2,0,0,79.5
USW00012924,"CORPUS CHRISTI INTERNATIONAL AIRPORT, TX US",1998-06,14.1,0.26,0,85.8
USW00012924,"CORPUS CHRISTI INTERNATIONAL AIRPORT, TX US",1998-07,12.3,0.33,0,86.6
USW00012924,"CORPUS CHRISTI INTERNATIONAL AIRPORT, TX US",1998-08,9.6,4.06,0,85.2
USW00012924,"CORPUS CHRISTI INTERNATIONAL AIRPORT, TX US",1998-09,9.4,8.47,0,82.3
USW00012924,"CORPUS CHRISTI INTERNATIONAL AIRPORT, TX US",1998-10,11,7.89,0,75.4
USW00012924,"CORPUS CHRISTI INTERNATIONAL AIRPORT, TX US",1998-11,9.8,2.65,0,68.8
USW00012924,"CORPUS CHRISTI INTERNATIONAL AIRPORT, TX US",1998-12,10.7,0.72,2,58.8
USW00012924,"CORPUS CHRISTI INTERNATIONAL AIRPORT, TX US",1999-01,13.4,0.45,0,61.1
USW00012924,"CORPUS CHRISTI INTERNATIONAL AIRPORT, TX US",1999-02,12.5,0.33,0,66.2
USW00012924,"CORPUS CHRISTI INTERNATIONAL AIRPORT, TX US",1999-03,14.5,2.21,0,68.3
USW00012924,"CORPUS CHRISTI INTERNATIONAL AIRPORT, TX US",1999-04,14.3,0.88,0,74.7
USW00012924,"CORPUS CHRISTI INTERNATIONAL AIRPORT, TX US",1999-05,11.4,2.23,0,78.6
USW00012924,"CORPUS CHRISTI INTERNATIONAL AIRPORT, TX US",1999-06,10.1,5.98,0,82.7
USW00012924,"CORPUS CHRISTI INTERNATIONAL AIRPORT, TX US",1999-07,8.5,3.07,0,82.7
USW00012924,"CORPUS CHRISTI INTERNATIONAL AIRPORT, TX US",1999-08,9.2,7.59,0,84.2
USW00012924,"CORPUS CHRISTI INTERNATIONAL AIRPORT, TX US",1999-09,7.8,3.89,0,79.6
USW00012924,"CORPUS CHRISTI INTERNATIONAL AIRPORT, TX US",1999-10,8.7,1.8,0,72.1
USW00012924,"CORPUS CHRISTI INTERNATIONAL AIRPORT, TX US",1999-11,9.2,0.61,0,66.5
USW00012924,"CORPUS CHRISTI INTERNATIONAL AIRPORT, TX US",1999-12,12.1,0.25,0,59.1
USW00012924,"CORPUS CHRISTI INTERNATIONAL AIRPORT, TX US",2000-01,12.3,0.51,0,62.4
USW00012924,"CORPUS CHRISTI INTERNATIONAL AIRPORT, TX US",2000-02,14.3,0.61,0,67.4
USW00012924,"CORPUS CHRISTI INTERNATIONAL AIRPORT, TX US",2000-03,14.5,3.68,0,71.2
USW00012924,"CORPUS CHRISTI INTERNATIONAL AIRPORT, TX US",2000-04,12.5,1.02,0,73.1
USW00012924,"CORPUS CHRISTI INTERNATIONAL AIRPORT, TX US",2000-05,13,4.8,0,79.9
USW00012924,"CORPUS CHRISTI INTERNATIONAL AIRPORT, TX US",2000-06,11.4,2.61,0,81.9
USW00012924,"CORPUS CHRISTI INTERNATIONAL AIRPORT, TX US",2000-07,11.9,0.01,0,84.9
USW00012924,"CORPUS CHRISTI INTERNATIONAL AIRPORT, TX US",2000-08,9.6,0.96,0,84.7
USW00012924,"CORPUS CHRISTI INTERNATIONAL AIRPORT, TX US",2000-09,10.5,2.03,0,81.7
USW00012924,"CORPUS CHRISTI INTERNATIONAL AIRPORT, TX US",2000-10,12.1,1.9,0,73.8
USW00012924,"CORPUS CHRISTI INTERNATIONAL AIRPORT, TX US",2000-11,12.5,2.28,0,63.5
USW00012924,"CORPUS CHRISTI INTERNATIONAL AIRPORT, TX US",2000-12,11.6,1.69,0,53.3
USW00012924,"CORPUS CHRISTI INTERNATIONAL AIRPORT, TX US",2001-01,12.1,1.74,0,54.7
USW00012924,"CORPUS CHRISTI INTERNATIONAL AIRPORT, TX US",2001-02,13.6,0.72,0,63.7
USW00012924,"CORPUS CHRISTI INTERNATIONAL AIRPORT, TX US",2001-03,11.4,2.41,0,61.5
USW00012924,"CORPUS CHRISTI INTERNATIONAL AIRPORT, TX US",2001-04,15.9,0.12,0,74.8
USW00012924,"CORPUS CHRISTI INTERNATIONAL AIRPORT, TX US",2001-05,11.4,1.55,0,77.9
USW00012924,"CORPUS CHRISTI INTERNATIONAL AIRPORT, TX US",2001-06,9.6,4.88,0,82.8
USW00012924,"CORPUS CHRISTI INTERNATIONAL AIRPORT, TX US",2001-07,9.8,1.82,0,84.3
USW00012924,"CORPUS CHRISTI INTERNATIONAL AIRPORT, TX US",2001-08,10.5,7.83,0,84.7
USW00012924,"CORPUS CHRISTI INTERNATIONAL AIRPORT, TX US",2001-09,8.3,6.78,0,80
USW00012924,"CORPUS CHRISTI INTERNATIONAL AIRPORT, TX US",2001-10,10.7,2.47,0,73.4
USW00012924,"CORPUS CHRISTI INTERNATIONAL AIRPORT, TX US",2001-11,10.3,7.44,0,67
USW00012924,"CORPUS CHRISTI INTERNATIONAL AIRPORT, TX US",2001-12,10.5,1.67,0,60.1
USW00012924,"CORPUS CHRISTI INTERNATIONAL AIRPORT, TX US",2002-01,12.8,0.3,0,60.2
USW00012924,"CORPUS CHRISTI INTERNATIONAL AIRPORT, TX US",2002-02,11.6,0.28,0,56.2
USW00012924,"CORPUS CHRISTI INTERNATIONAL AIRPORT, TX US",2002-03,15,0.08,0,66.2
USW00012924,"CORPUS CHRISTI INTERNATIONAL AIRPORT, TX US",2002-04,15.2,0.14,0,77.5
USW00012924,"CORPUS CHRISTI INTERNATIONAL AIRPORT, TX US",2002-05,13.9,3.11,0,79.5
USW00012924,"CORPUS CHRISTI INTERNATIONAL AIRPORT, TX US",2002-06,9.4,1.59,0,82.7
USW00012924,"CORPUS CHRISTI INTERNATIONAL AIRPORT, TX US",2002-07,11.4,3.51,0,83.9
USW00012924,"CORPUS CHRISTI INTERNATIONAL AIRPORT, TX US",2002-08,10.3,1.13,0,85.2
USW00012924,"CORPUS CHRISTI INTERNATIONAL AIRPORT, TX US",2002-09,10.5,6.37,0,80.4
USW00012924,"CORPUS CHRISTI INTERNATIONAL AIRPORT, TX US",2002-10,10.1,9.51,0,74.9
USW00012924,"CORPUS CHRISTI INTERNATIONAL AIRPORT, TX US",2002-11,10.7,2.21,0,62.5
USW00012924,"CORPUS CHRISTI INTERNATIONAL AIRPORT, TX US",2002-12,11.9,3.19,0,58.3
USW00012924,"CORPUS CHRISTI INTERNATIONAL AIRPORT, TX US",2003-01,10.1,1.02,0,53.7
USW00012924,"CORPUS CHRISTI INTERNATIONAL AIRPORT, TX US",2003-02,12.8,1.34,0,57.3
USW00012924,"CORPUS CHRISTI INTERNATIONAL AIRPORT, TX US",2003-03,10.7,1.29,0,63.9
USW00012924,"CORPUS CHRISTI INTERNATIONAL AIRPORT, TX US",2003-04,13.2,0.13,0,72.9
USW00012924,"CORPUS CHRISTI INTERNATIONAL AIRPORT, TX US",2003-05,12.5,0.01,0,81.5
USW00012924,"CORPUS CHRISTI INTERNATIONAL AIRPORT, TX US",2003-06,8.9,3.25,0,82.7
USW00012924,"CORPUS CHRISTI INTERNATIONAL AIRPORT, TX US",2003-07,8.1,4.28,0,82.6
USW00012924,"CORPUS CHRISTI INTERNATIONAL AIRPORT, TX US",2003-08,9.4,1.65,0,83.9
USW00012924,"CORPUS CHRISTI INTERNATIONAL AIRPORT, TX US",2003-09,8.3,10.73,0,79
USW00012924,"CORPUS CHRISTI INTERNATIONAL AIRPORT, TX US",2003-10,9.4,3.58,0,73.8
USW00012924,"CORPUS CHRISTI INTERNATIONAL AIRPORT, TX US",2003-11,10.7,0.86,0,67.8
USW00012924,"CORPUS CHRISTI INTERNATIONAL AIRPORT, TX US",2003-12,11.2,0.57,0,58.9
USW00012924,"CORPUS CHRISTI INTERNATIONAL AIRPORT, TX US",2004-01,11.6,2,0,59.1
USW00012924,"CORPUS CHRISTI INTERNATIONAL AIRPORT, TX US",2004-02,12.3,2.15,0,58
USW00012924,"CORPUS CHRISTI INTERNATIONAL AIRPORT, TX US",2004-03,12.8,1.08,0,70.8
USW00012924,"CORPUS CHRISTI INTERNATIONAL AIRPORT, TX US",2004-04,13.6,9.21,0,71.3
USW00012924,"CORPUS CHRISTI INTERNATIONAL AIRPORT, TX US",2004-05,12.8,5.36,0,76.2
USW00012924,"CORPUS CHRISTI INTERNATIONAL AIRPORT, TX US",2004-06,11,2.44,0,82.3
USW00012924,"CORPUS CHRISTI INTERNATIONAL AIRPORT, TX US",2004-07,8.7,1.27,0,83.6
USW00012924,"CORPUS CHRISTI INTERNATIONAL AIRPORT, TX US",2004-08,9.8,0.18,0,84.7
USW00012924,"CORPUS CHRISTI INTERNATIONAL AIRPORT, TX US",2004-09,7.6,8.74,0,81
USW00012924,"CORPUS CHRISTI INTERNATIONAL AIRPORT, TX US",2004-10,11,0.72,0,80
USW00012924,"CORPUS CHRISTI INTERNATIONAL AIRPORT, TX US",2004-11,11.6,1.25,0,67.7
USW00012924,"CORPUS CHRISTI INTERNATIONAL AIRPORT, TX US",2004-12,10.3,0.48,4.4,57.1
USW00012924,"CORPUS CHRISTI INTERNATIONAL AIRPORT, TX US",2005-01,12.8,0.74,0,61
USW00012924,"CORPUS CHRISTI INTERNATIONAL AIRPORT, TX US",2005-02,11.9,3.02,0,62.8
USW00012924,"CORPUS CHRISTI INTERNATIONAL AIRPORT, TX US",2005-03,11.4,2.46,0,66.3
USW00012924,"CORPUS CHRISTI INTERNATIONAL AIRPORT, TX US",2005-04,12.5,0.21,0,72.6
USW00012924,"CORPUS CHRISTI INTERNATIONAL AIRPORT, TX US",2005-05,11,1.9,0,77.4
USW00012924,"CORPUS CHRISTI INTERNATIONAL AIRPORT, TX US",2005-06,9.4,1.94,0,82.1
USW00012924,"CORPUS CHRISTI INTERNATIONAL AIRPORT, TX US",2005-07,8.1,1.83,0,85
USW00012924,"CORPUS CHRISTI INTERNATIONAL AIRPORT, TX US",2005-08,8.9,0.25,0,86.8
USW00012924,"CORPUS CHRISTI INTERNATIONAL AIRPORT, TX US",2005-09,8.9,4.43,0,84.5
USW00012924,"CORPUS CHRISTI INTERNATIONAL AIRPORT, TX US",2005-10,10.1,3.15,0,74
USW00012924,"CORPUS CHRISTI INTERNATIONAL AIRPORT, TX US",2005-11,10.5,5.02,0,67.8
USW00012924,"CORPUS CHRISTI INTERNATIONAL AIRPORT, TX US",2005-12,11.2,0.36,0,58.8
USW00012924,"CORPUS CHRISTI INTERNATIONAL AIRPORT, TX US",2006-01,11.6,0.26,0,63.1
USW00012924,"CORPUS CHRISTI INTERNATIONAL AIRPORT, TX US",2006-02,13,0.05,0,62.1
USW00012924,"CORPUS CHRISTI INTERNATIONAL AIRPORT, TX US",2006-03,15.4,0.33,0,71.2
USW00012924,"CORPUS CHRISTI INTERNATIONAL AIRPORT, TX US",2006-04,15.2,0.25,0,77.6
USW00012924,"CORPUS CHRISTI INTERNATIONAL AIRPORT, TX US",2006-05,13.2,4.43,0,80.8
USW00012924,"CORPUS CHRISTI INTERNATIONAL AIRPORT, TX US",2006-06,8.9,11.19,0,82.1
USW00012924,"CORPUS CHRISTI INTERNATIONAL AIRPORT, TX US",2006-07,7.8,5.26,0,82.8
USW00012924,"CORPUS CHRISTI INTERNATIONAL AIRPORT, TX US",2006-08,9.2,0.61,0,85.7
USW00012924,"CORPUS CHRISTI INTERNATIONAL AIRPORT, TX US",2006-09,9.2,7.11,0,81
USW00012924,"CORPUS CHRISTI INTERNATIONAL AIRPORT, TX US",2006-10,9.6,2.25,0,76.1
USW00012924,"CORPUS CHRISTI INTERNATIONAL AIRPORT, TX US",2006-11,11.2,0.08,0,68.1
USW00012924,"CORPUS CHRISTI INTERNATIONAL AIRPORT, TX US",2006-12,10.7,2.11,0,58.8
USW00012924,"CORPUS CHRISTI INTERNATIONAL AIRPORT, TX US",2007-01,12.1,4.78,0,53.7
USW00012924,"CORPUS CHRISTI INTERNATIONAL AIRPORT, TX US",2007-02,11.4,0.09,0,59.6
USW00012924,"CORPUS CHRISTI INTERNATIONAL AIRPORT, TX US",2007-03,14.3,2.74,0,69.1
USW00012924,"CORPUS CHRISTI INTERNATIONAL AIRPORT, TX US",2007-04,13,0.93,0,69.5
USW00012924,"CORPUS CHRISTI INTERNATIONAL AIRPORT, TX US",2007-05,10.3,2.23,0,76.9
USW00012924,"CORPUS CHRISTI INTERNATIONAL AIRPORT, TX US",2007-06,8.7,2.47,0,81.3
USW00012924,"CORPUS CHRISTI INTERNATIONAL AIRPORT, TX US",2007-07,7.6,18.13,0,81.9
USW00012924,"CORPUS CHRISTI INTERNATIONAL AIRPORT, TX US",2007-08,6.9,5.26,0,84
USW00012924,"CORPUS CHRISTI INTERNATIONAL AIRPORT, TX US",2007-09,6.9,3.8,0,81.9
USW00012924,"CORPUS CHRISTI INTERNATIONAL AIRPORT, TX US",2007-10,7.8,0.38,0,74.8
USW00012924,"CORPUS CHRISTI INTERNATIONAL AIRPORT, TX US",2007-11,10.1,0.59,0,66.1
USW00012924,"CORPUS CHRISTI INTERNATIONAL AIRPORT, TX US",2007-12,11.9,0.15,0,62
USW00012924,"CORPUS CHRISTI INTERNATIONAL AIRPORT, TX US",2008-01,12.5,1.78,0,56.3
USW00012924,"CORPUS CHRISTI INTERNATIONAL AIRPORT, TX US",2008-02,13,0.16,0,64.7
USW00012924,"CORPUS CHRISTI INTERNATIONAL AIRPORT, TX US",2008-03,15.2,1.58,0,66.5
USW00012924,"CORPUS CHRISTI INTERNATIONAL AIRPORT, TX US",2008-04,14.3,2.37,0,72.7
USW00012924,"CORPUS CHRISTI INTERNATIONAL AIRPORT, TX US",2008-05,13.2,1.26,0,79.9
USW00012924,"CORPUS CHRISTI INTERNATIONAL AIRPORT, TX US",2008-06,11.4,0.7,0,83.1
USW00012924,"CORPUS CHRISTI INTERNATIONAL AIRPORT, TX US",2008-07,9.6,9.43,0,81.2
USW00012924,"CORPUS CHRISTI INTERNATIONAL AIRPORT, TX US",2008-08,8.1,6.02,0,83.3
USW00012924,"CORPUS CHRISTI INTERNATIONAL AIRPORT, TX US",2008-09,8.7,1.94,0,80.1
USW00012924,"CORPUS CHRISTI INTERNATIONAL AIRPORT, TX US",2008-10,8.7,1.88,0,72.9
USW00012924,"CORPUS CHRISTI INTERNATIONAL AIRPORT, TX US",2008-11,9.4,0.46,0,66.6
USW00012924,"CORPUS CHRISTI INTERNATIONAL AIRPORT, TX US",2008-12,12.3,0.43,0,59.7
USW00012924,"CORPUS CHRISTI INTERNATIONAL AIRPORT, TX US",2009-01,11.2,0.07,0,58.9
USW00012924,"CORPUS CHRISTI INTERNATIONAL AIRPORT, TX US",2009-02,14.1,0.1,0,65.6
USW00012924,"CORPUS CHRISTI INTERNATIONAL AIRPORT, TX US",2009-03,14.3,0.99,0,66.8
USW00012924,"CORPUS CHRISTI INTERNATIONAL AIRPORT, TX US",2009-04,16.3,0.1,0,75
USW00012924,"CORPUS CHRISTI INTERNATIONAL AIRPORT, TX US",2009-05,13.4,1.2,0,81.1
USW00012924,"CORPUS CHRISTI INTERNATIONAL AIRPORT, TX US",2009-06,12.8,1.03,0,85
USW00012924,"CORPUS CHRISTI INTERNATIONAL AIRPORT, TX US",2009-07,14.3,0.17,0,87.9
USW00012924,"CORPUS CHRISTI INTERNATIONAL AIRPORT, TX US",2009-08,11.4,0.45,0,87.6
USW00012924,"CORPUS CHRISTI INTERNATIONAL AIRPORT, TX US",2009-09,8.3,6.27,0,81.3
USW00012924,"CORPUS CHRISTI INTERNATIONAL AIRPORT, TX US",2009-10,12.8,2.43,0,75.6
USW00012924,"CORPUS CHRISTI INTERNATIONAL AIRPORT, TX US",2009-11,9.2,3.85,0,64.9
USW00012924,"CORPUS CHRISTI INTERNATIONAL AIRPORT, TX US",2009-12,10.7,3.96,0,52.8
USW00012924,"CORPUS CHRISTI INTERNATIONAL AIRPORT, TX US",2010-01,12.3,2.76,0,54
USW00012924,"CORPUS CHRISTI INTERNATIONAL AIRPORT, TX US",2010-02,11.9,4.43,0,54
USW00012924,"CORPUS CHRISTI INTERNATIONAL AIRPORT, TX US",2010-03,12.5,1.15,0,63.3
USW00012924,"CORPUS CHRISTI INTERNATIONAL AIRPORT, TX US",2010-04,13.9,1.91,0,72.4
USW00012924,"CORPUS CHRISTI INTERNATIONAL AIRPORT, TX US",2010-05,11.6,0.31,0,79.5
USW00012924,"CORPUS CHRISTI INTERNATIONAL AIRPORT, TX US",2010-06,10.1,6.97,0,83.4
USW00012924,"CORPUS CHRISTI INTERNATIONAL AIRPORT, TX US",2010-07,8.3,7.85,0,84.3
USW00012924,"CORPUS CHRISTI INTERNATIONAL AIRPORT, TX US",2010-08,7.6,1.07,0,86.2
USW00012924,"CORPUS CHRISTI INTERNATIONAL AIRPORT, TX US",2010-09,8.9,15.86,0,81.2
USW00012924,"CORPUS CHRISTI INTERNATIONAL AIRPORT, TX US",2010-10,8.9,0.01,0,73.3
USW00012924,"CORPUS CHRISTI INTERNATIONAL AIRPORT, TX US",2010-11,12.3,1,0,64.8
USW00012924,"CORPUS CHRISTI INTERNATIONAL AIRPORT, TX US",2010-12,11.9,0.62,0,59.8
USW00012924,"CORPUS CHRISTI INTERNATIONAL AIRPORT, TX US",2011-01,10.3,4.01,0,55.5
USW00012924,"CORPUS CHRISTI INTERNATIONAL AIRPORT, TX US",2011-02,14.3,0.13,0,58.1
USW00012924,"CORPUS CHRISTI INTERNATIONAL AIRPORT, TX US",2011-03,12.3,0.29,0,68.7
USW00012924,"CORPUS CHRISTI INTERNATIONAL AIRPORT, TX US",2011-04,15.4,0.01,0,76.9
USW00012924,"CORPUS CHRISTI INTERNATIONAL AIRPORT, TX US",2011-05,15.4,1.95,0,79.2
USW00012924,"CORPUS CHRISTI INTERNATIONAL AIRPORT, TX US",2011-06,12.3,1.11,0,83.8
USW00012924,"CORPUS CHRISTI INTERNATIONAL AIRPORT, TX US",2011-07,12.1,0.02,0,85.8
USW00012924,"CORPUS CHRISTI INTERNATIONAL AIRPORT, TX US",2011-08,11.4,0.28,0,87.7
USW00012924,"CORPUS CHRISTI INTERNATIONAL AIRPORT, TX US",2011-09,9.4,0.79,0,83.9
USW00012924,"CORPUS CHRISTI INTERNATIONAL AIRPORT, TX US",2011-10,10.3,1.95,0,74.8
USW00012924,"CORPUS CHRISTI INTERNATIONAL AIRPORT, TX US",2011-11,13.2,0.34,0,67.6
USW00012924,"CORPUS CHRISTI INTERNATIONAL AIRPORT, TX US",2011-12,12.5,1.19,0,59.4
USW00012924,"CORPUS CHRISTI INTERNATIONAL AIRPORT, TX US",2012-01,11.4,0.45,0,62.3
USW00012924,"CORPUS CHRISTI INTERNATIONAL AIRPORT, TX US",2012-02,11.9,4.1,0,63.1
USW00012924,"CORPUS CHRISTI INTERNATIONAL AIRPORT, TX US",2012-03,14.5,1.35,0,72.3
USW00012924,"CORPUS CHRISTI INTERNATIONAL AIRPORT, TX US",2012-04,13.6,2.58,0,77.3
USW00012924,"CORPUS CHRISTI INTERNATIONAL AIRPORT, TX US",2012-05,10.7,2.95,0,79.4
USW00012924,"CORPUS CHRISTI INTERNATIONAL AIRPORT, TX US",2012-06,9.6,1.54,0,84.9
USW00012924,"CORPUS CHRISTI INTERNATIONAL AIRPORT, TX US",2012-07,9.6,1.34,0,86
USW00012924,"CORPUS CHRISTI INTERNATIONAL AIRPORT, TX US",2012-08,11,0.12,0,88.3
USW00012924,"CORPUS CHRISTI INTERNATIONAL AIRPORT, TX US",2012-09,9.8,3.59,0,83.8
USW00012924,"CORPUS CHRISTI INTERNATIONAL AIRPORT, TX US",2012-10,11,0.19,0,77.3
USW00012924,"CORPUS CHRISTI INTERNATIONAL AIRPORT, TX US",2012-11,10.1,0.59,0,69.4
USW00012924,"CORPUS CHRISTI INTERNATIONAL AIRPORT, TX US",2012-12,12.1,0.04,0,65.3
USW00012924,"CORPUS CHRISTI INTERNATIONAL AIRPORT, TX US",2013-01,12.5,1.25,0,60.2
USW00012924,"CORPUS CHRISTI INTERNATIONAL AIRPORT, TX US",2013-02,12.8,0.44,0,65
USW00012924,"CORPUS CHRISTI INTERNATIONAL AIRPORT, TX US",2013-03,14.3,0.06,0,67.7
USW00012924,"CORPUS CHRISTI INTERNATIONAL AIRPORT, TX US",2013-04,15,1.58,0,72.5
USW00012924,"CORPUS CHRISTI INTERNATIONAL AIRPORT, TX US",2013-05,15.9,1.4,0,80
USW00012924,"CORPUS CHRISTI INTERNATIONAL AIRPORT, TX US",2013-06,12.3,2.34,0,86.8
USW00012924,"CORPUS CHRISTI INTERNATIONAL AIRPORT, TX US",2013-07,10.7,2.73,0,85.9
USW00012924,"CORPUS CHRISTI INTERNATIONAL AIRPORT, TX US",2013-08,9.4,1.21,0,86.7
USW00012924,"CORPUS CHRISTI INTERNATIONAL AIRPORT, TX US",2013-09,8.9,6.31,0,84.2
USW00012924,"CORPUS CHRISTI INTERNATIONAL AIRPORT, TX US",2013-10,10.1,2.46,0,77.3
USW00012924,"CORPUS CHRISTI INTERNATIONAL AIRPORT, TX US",2013-11,11.6,3.4,0,63.9
USW00012924,"CORPUS CHRISTI INTERNATIONAL AIRPORT, TX US",2013-12,10.5,0.29,0,56.3
USW00012924,"CORPUS CHRISTI INTERNATIONAL AIRPORT, TX US",2014-01,11,0.68,0,54.8
USW00012924,"CORPUS CHRISTI INTERNATIONAL AIRPORT, TX US",2014-02,11.4,0.24,0,59.1
USW00012924,"CORPUS CHRISTI INTERNATIONAL AIRPORT, TX US",2014-03,12.3,1.65,0,63.2
USW00012924,"CORPUS CHRISTI INTERNATIONAL AIRPORT, TX US",2014-04,13.2,0.5,0,73.8
USW00012924,"CORPUS CHRISTI INTERNATIONAL AIRPORT, TX US",2014-05,14.3,4.04,0,76.4
USW00012924,"CORPUS CHRISTI INTERNATIONAL AIRPORT, TX US",2014-06,15,1.41,0,84.9
USW00012924,"CORPUS CHRISTI INTERNATIONAL AIRPORT, TX US",2014-07,11.2,0.74,0,84.8
USW00012924,"CORPUS CHRISTI INTERNATIONAL AIRPORT, TX US",2014-08,11.4,4.59,0,86.4
USW00012924,"CORPUS CHRISTI INTERNATIONAL AIRPORT, TX US",2014-09,9.8,6.02,0,81.5
USW00012924,"CORPUS CHRISTI INTERNATIONAL AIRPORT, TX US",2014-10,9.4,5.63,0,76.8
USW00012924,"CORPUS CHRISTI INTERNATIONAL AIRPORT, TX US",2014-11,11.4,2.85,0,61.3
USW00012924,"CORPUS CHRISTI INTERNATIONAL AIRPORT, TX US",2014-12,10.5,1.04,0,61.7
USW00012924,"CORPUS CHRISTI INTERNATIONAL AIRPORT, TX US",2015-01,10.5,2.04,0,52.3
USW00012924,"CORPUS CHRISTI INTERNATIONAL AIRPORT, TX US",2015-02,11.9,1.41,0,57.4
USW00012924,"CORPUS CHRISTI INTERNATIONAL AIRPORT, TX US",2015-03,10.1,6.13,0,63.4
USW00012924,"CORPUS CHRISTI INTERNATIONAL AIRPORT, TX US",2015-04,12.5,6.37,0,74.1
USW00012924,"CORPUS CHRISTI INTERNATIONAL AIRPORT, TX US",2015-05,14.8,14.32,0,79.1
USW00012924,"CORPUS CHRISTI INTERNATIONAL AIRPORT, TX US",2015-06,9.4,1.63,0,82.7
USW00012924,"CORPUS CHRISTI INTERNATIONAL AIRPORT, TX US",2015-07,12.8,1.19,0,85.6
USW00012924,"CORPUS CHRISTI INTERNATIONAL AIRPORT, TX US",2015-08,10.1,2.93,0,85.5
USW00012924,"CORPUS CHRISTI INTERNATIONAL AIRPORT, TX US",2015-09,8.7,2.46,0,82.3
USW00012924,"CORPUS CHRISTI INTERNATIONAL AIRPORT, TX US",2015-10,10.5,3.24,0,76.3
USW00012924,"CORPUS CHRISTI INTERNATIONAL AIRPORT, TX US",2015-11,11.9,2.43,0,66.5
USW00012924,"CORPUS CHRISTI INTERNATIONAL AIRPORT, TX US",2015-12,12.3,0.89,0,62.3
USW00012924,"CORPUS CHRISTI INTERNATIONAL AIRPORT, TX US",2016-01,11,2.08,0,56.4
USW00012924,"CORPUS CHRISTI INTERNATIONAL AIRPORT, TX US",2016-02,12.5,0.21,0,63
USW00012924,"CORPUS CHRISTI INTERNATIONAL AIRPORT, TX US",2016-03,13.9,6.54,0,70.5
USW00012924,"CORPUS CHRISTI INTERNATIONAL AIRPORT, TX US",2016-04,12.3,3.4,0,74.7
USW00012924,"CORPUS CHRISTI INTERNATIONAL AIRPORT, TX US",2016-05,11.9,6,0,79.6
USW00012924,"CORPUS CHRISTI INTERNATIONAL AIRPORT, TX US",2016-06,8.5,2.95,0,83.4
USW00012924,"CORPUS CHRISTI INTERNATIONAL AIRPORT, TX US",2016-07,12.8,0,0,86.4
USW00012924,"CORPUS CHRISTI INTERNATIONAL AIRPORT, TX US",2016-08,9.8,4.12,0,85.9
USW00012924,"CORPUS CHRISTI INTERNATIONAL AIRPORT, TX US",2016-09,8.1,3.06,0,84.7
USW00012924,"CORPUS CHRISTI INTERNATIONAL AIRPORT, TX US",2016-10,8.5,0.94,0,78.9
USW00012924,"CORPUS CHRISTI INTERNATIONAL AIRPORT, TX US",2016-11,10.5,1.25,0,71.9
USW00012924,"CORPUS CHRISTI INTERNATIONAL AIRPORT, TX US",2016-12,11.6,2.21,0,62.8
USW00012924,"CORPUS CHRISTI INTERNATIONAL AIRPORT, TX US",2017-01,13.2,0.27,0,62.7
USW00012924,"CORPUS CHRISTI INTERNATIONAL AIRPORT, TX US",2017-02,13.4,2.57,0,70
USW00012924,"CORPUS CHRISTI INTERNATIONAL AIRPORT, TX US",2017-03,14.3,4.99,0,70.8
USW00012924,"CORPUS CHRISTI INTERNATIONAL AIRPORT, TX US",2017-04,14.8,2.22,0,74.8
USW00012924,"CORPUS CHRISTI INTERNATIONAL AIRPORT, TX US",2017-05,12.8,3.22,0,78.1
USW00012924,"CORPUS CHRISTI INTERNATIONAL AIRPORT, TX US",2017-06,9.2,1.94,0,83.8
USW00012924,"CORPUS CHRISTI INTERNATIONAL AIRPORT, TX US",2017-07,9.4,1.28,0,84.3
USW00012924,"CORPUS CHRISTI INTERNATIONAL AIRPORT, TX US",2017-08,11,5.89,0,84.6
USW00012924,"CORPUS CHRISTI INTERNATIONAL AIRPORT, TX US",2017-09,10.3,1.46,0,81.4
USW00012924,"CORPUS CHRISTI INTERNATIONAL AIRPORT, TX US",2017-10,9.6,2.47,0,73.9
USW00012924,"CORPUS CHRISTI INTERNATIONAL AIRPORT, TX US",2017-11,10.7,0.23,0,70
USW00012924,"CORPUS CHRISTI INTERNATIONAL AIRPORT, TX US",2017-12,10.5,4.39,1,56.6
USW00012924,"CORPUS CHRISTI INTERNATIONAL AIRPORT, TX US",2018-01,11.2,1.28,0,53.1
USW00012924,"CORPUS CHRISTI INTERNATIONAL AIRPORT, TX US",2018-02,14.1,0.46,0,64.9
USW00012924,"CORPUS CHRISTI INTERNATIONAL AIRPORT, TX US",2018-03,13.6,2.01,0,70.6
USW00012924,"CORPUS CHRISTI INTERNATIONAL AIRPORT, TX US",2018-04,14.1,0.26,0,70.7
USW00012924,"CORPUS CHRISTI INTERNATIONAL AIRPORT, TX US",2018-05,11.9,0.68,0,79.9
USW00012924,"CORPUS CHRISTI INTERNATIONAL AIRPORT, TX US",2018-06,12.3,10.13,0,83.6
USW00012924,"CORPUS CHRISTI INTERNATIONAL AIRPORT, TX US",2018-07,8.7,4.52,0,83.4
USW00012924,"CORPUS CHRISTI INTERNATIONAL AIRPORT, TX US",2018-08,10.3,1.25,0,85.2
USW00012924,"CORPUS CHRISTI INTERNATIONAL AIRPORT, TX US",2018-09,8.7,13.37,0,81.5
USW00012924,"CORPUS CHRISTI INTERNATIONAL AIRPORT, TX US",2018-10,11,2.58,0,73.3
USW00012924,"CORPUS CHRISTI INTERNATIONAL AIRPORT, TX US",2018-11,11,3.2,0,62.7
USW00012924,"CORPUS CHRISTI INTERNATIONAL AIRPORT, TX US",2018-12,11.2,0.81,0,59.8
USW00012924,"CORPUS CHRISTI INTERNATIONAL AIRPORT, TX US",2019-01,11.4,1.73,0,57.7
USW00012924,"CORPUS CHRISTI INTERNATIONAL AIRPORT, TX US",2019-02,11.4,0.69,0,62.7
USW00012924,"CORPUS CHRISTI INTERNATIONAL AIRPORT, TX US",2019-03,13,1.03,0,65.4
USW00012924,"CORPUS CHRISTI INTERNATIONAL AIRPORT, TX US",2019-04,13.6,3.05,0,72.9
USW00012924,"CORPUS CHRISTI INTERNATIONAL AIRPORT, TX US",2019-05,14.8,1.86,0,80.7
USW00012924,"CORPUS CHRISTI INTERNATIONAL AIRPORT, TX US",2019-06,10.5,2.61,0,85.5
USW00012924,"CORPUS CHRISTI INTERNATIONAL AIRPORT, TX US",2019-07,10.5,0.57,0,85.5
USW00012924,"CORPUS CHRISTI INTERNATIONAL AIRPORT, TX US",2019-08,10.3,0.2,0,87.4
USW00012924,"CORPUS CHRISTI INTERNATIONAL AIRPORT, TX US",2019-09,9.8,4.19,0,85
USW00012924,"CORPUS CHRISTI INTERNATIONAL AIRPORT, TX US",2019-10,11.4,1.39,0,75.9
USW00012924,"CORPUS CHRISTI INTERNATIONAL AIRPORT, TX US",2019-11,10.5,4.27,0,63.3
USW00012924,"CORPUS CHRISTI INTERNATIONAL AIRPORT, TX US",2019-12,9.6,4.02,0,61.1
USW00012924,"CORPUS CHRISTI INTERNATIONAL AIRPORT, TX US",2020-01,11.9,0.81,0,62.6
USW00012924,"CORPUS CHRISTI INTERNATIONAL AIRPORT, TX US",2020-02,13,0.35,0,61
USW00012924,"CORPUS CHRISTI INTERNATIONAL AIRPORT, TX US",2020-03,15.4,0.26,0,73.8
USW00012924,"CORPUS CHRISTI INTERNATIONAL AIRPORT, TX US",2020-04,12.5,0.95,0,74.7
USW00012924,"CORPUS CHRISTI INTERNATIONAL AIRPORT, TX US",2020-05,12.1,5.28,0,79.2
USW00012924,"CORPUS CHRISTI INTERNATIONAL AIRPORT, TX US",2020-06,9.4,4.52,0,80.9
USW00012924,"CORPUS CHRISTI INTERNATIONAL AIRPORT, TX US",2020-07,11,4.02,0,85
USW00012924,"CORPUS CHRISTI INTERNATIONAL AIRPORT, TX US",2020-08,8.7,0.2,0,85.9
USW00012924,"CORPUS CHRISTI INTERNATIONAL AIRPORT, TX US",2020-09,10.5,5.5,0,81.2
USW00012924,"CORPUS CHRISTI INTERNATIONAL AIRPORT, TX US",2020-10,9.6,1.02,0,74.4
USW00012924,"CORPUS CHRISTI INTERNATIONAL AIRPORT, TX US",2020-11,9.8,1.33,0,70.1
USW00012924,"CORPUS CHRISTI INTERNATIONAL AIRPORT, TX US",2020-12,10.7,1.71,0,58.5
USW00012924,"CORPUS CHRISTI INTERNATIONAL AIRPORT, TX US",2021-01,11,1.39,0,58.9
USW00012924,"CORPUS CHRISTI INTERNATIONAL AIRPORT, TX US",2021-02,13.6,0.35,0,55.5
USW00012924,"CORPUS CHRISTI INTERNATIONAL AIRPORT, TX US",2021-03,14.1,2.56,0,67.9
USW00012924,"CORPUS CHRISTI INTERNATIONAL AIRPORT, TX US",2021-04,12.3,1.62,0,71.9
USW00012924,"CORPUS CHRISTI INTERNATIONAL AIRPORT, TX US",2021-05,11.2,10.83,0,77.2
USW00012924,"CORPUS CHRISTI INTERNATIONAL AIRPORT, TX US",2021-06,8.3,4.01,0,83.1
USW00012924,"CORPUS CHRISTI INTERNATIONAL AIRPORT, TX US",2021-07,7.6,9.28,0,83.6
USW00012924,"CORPUS CHRISTI INTERNATIONAL AIRPORT, TX US",2021-08,8.7,1.49,0,85.1
USW00012924,"CORPUS CHRISTI INTERNATIONAL AIRPORT, TX US",2021-09,8.7,7.44,0,82.3
USW00012924,"CORPUS CHRISTI INTERNATIONAL AIRPORT, TX US",2021-10,9.4,6.52,0,76.6
USW00012924,"CORPUS CHRISTI INTERNATIONAL AIRPORT, TX US",2021-11,9.8,0.67,0,65.5
USW00012924,"CORPUS CHRISTI INTERNATIONAL AIRPORT, TX US",2021-12,11.6,0.66,0,68.8
USW00012924,"CORPUS CHRISTI INTERNATIONAL AIRPORT, TX US",2022-01,11.2,2.31,0,56
USW00012924,"CORPUS CHRISTI INTERNATIONAL AIRPORT, TX US",2022-02,12.8,0.24,0,54.2
USW00012924,"CORPUS CHRISTI INTERNATIONAL AIRPORT, TX US",2022-03,14.8,0.7,0,64.5
USW00012924,"CORPUS CHRISTI INTERNATIONAL AIRPORT, TX US",2022-04,16.8,0.24,0,77.3
USW00012924,"CORPUS CHRISTI INTERNATIONAL AIRPORT, TX US",2022-05,15.2,2.7,0,81.6
USW00012924,"CORPUS CHRISTI INTERNATIONAL AIRPORT, TX US",2022-06,10.5,0.27,0,83.7
USW00012924,"CORPUS CHRISTI INTERNATIONAL AIRPORT, TX US",2022-07,11.4,0.54,0,85.4
USW00012924,"CORPUS CHRISTI INTERNATIONAL AIRPORT, TX US",2022-08,9.2,11.21,0,85.7
